INSERT INTO skills (id, name) VALUES 
(1, 'JavaScript'), (2, 'React'), (3, 'Python'), (4, 'FastAPI'), (5, 'Docker'), (6, 'Kubernetes'), (7, 'PostgreSQL'), (8, 'TypeScript'), (9, 'Go'), (10, 'Node.js'), (11, 'Git'), (12, 'AWS'), (13, 'Vue'), (14, 'Next.js'), (15, 'Java'), (16, 'C++'), (17, 'Rust'), (18, 'Ruby'), (19, 'PHP'), (20, 'C#'), (21, 'Angular'), (22, 'Svelte'), (23, 'Tailwind'), (24, 'HTML/CSS'), (25, 'Spring Boot'), (26, 'Django'), (27, 'MongoDB'), (28, 'Redis'), (29, 'GraphQL'), (30, 'Azure'), (31, 'GCP');

INSERT INTO repositories (id, name, description, github_url, difficulty_level, open_issues_count, domain, expected_weekly_hours) VALUES 
(1, 'facebook/react', 'A declarative, efficient, and flexible JavaScript library for building user interfaces.', 'https://github.com/facebook/react', 'Advanced', 4441, 'Frontend Web', 30),
(2, 'vuejs/core', 'Vue.js is a progressive, incrementally-adoptable JavaScript framework for building UI.', 'https://github.com/vuejs/core', 'Advanced', 3516, 'Frontend Web', 20),
(3, 'vercel/next.js', 'The React Framework', 'https://github.com/vercel/next.js', 'Beginner', 152, 'Frontend Web', 8),
(4, 'angular/angular', 'The modern web developers platform', 'https://github.com/angular/angular', 'Intermediate', 3754, 'Frontend Web', 12),
(5, 'sveltejs/svelte', 'Cybernetically enhanced web apps', 'https://github.com/sveltejs/svelte', 'Beginner', 983, 'Frontend Web', 8),
(6, 'tailwindlabs/tailwindcss', 'A utility-first CSS framework for rapid UI development.', 'https://github.com/tailwindlabs/tailwindcss', 'Advanced', 519, 'Frontend Web', 30),
(7, 'remix-run/remix', 'Build Better Websites', 'https://github.com/remix-run/remix', 'Intermediate', 3766, 'Frontend Web', 8),
(8, 'twbs/bootstrap', 'The most popular HTML, CSS, and JavaScript framework for developing responsive, mobile first projects on the web.', 'https://github.com/twbs/bootstrap', 'Advanced', 4892, 'Frontend Web', 25),
(9, 'mui/material-ui', 'React components for faster and easier web development.', 'https://github.com/mui/material-ui', 'Advanced', 2372, 'Frontend Web', 15),
(10, 'ant-design/ant-design', 'An enterprise-class UI design language and React UI library.', 'https://github.com/ant-design/ant-design', 'Beginner', 1816, 'Frontend Web', 2),
(11, 'chakra-ui/chakra-ui', 'Simple, Modular & Accessible UI Components for your React Applications', 'https://github.com/chakra-ui/chakra-ui', 'Intermediate', 3283, 'Frontend Web', 15),
(12, 'gatsbyjs/gatsby', 'Build blazing fast, modern apps and websites with React', 'https://github.com/gatsbyjs/gatsby', 'Beginner', 1619, 'Frontend Web', 5),
(13, 'facebook/docusaurus', 'Easy to maintain open source documentation websites.', 'https://github.com/facebook/docusaurus', 'Beginner', 75, 'Frontend Web', 8),
(14, 'storybookjs/storybook', 'Storybook is a frontend workshop for building UI components and pages in isolation.', 'https://github.com/storybookjs/storybook', 'Beginner', 638, 'Frontend Web', 5),
(15, 'vitejs/vite', 'Next generation frontend tooling. Its fast!', 'https://github.com/vitejs/vite', 'Intermediate', 570, 'Frontend Web', 15),
(16, 'tiangolo/fastapi', 'FastAPI framework, high performance, easy to learn, fast to code, ready for production', 'https://github.com/tiangolo/fastapi', 'Intermediate', 2569, 'Backend API', 12),
(17, 'django/django', 'The Web framework for perfectionists with deadlines.', 'https://github.com/django/django', 'Beginner', 888, 'Backend API', 2),
(18, 'pallets/flask', 'The Python micro framework for building web applications.', 'https://github.com/pallets/flask', 'Beginner', 1162, 'Backend API', 2),
(19, 'psf/requests', 'A simple, yet elegant HTTP library.', 'https://github.com/psf/requests', 'Beginner', 707, 'Backend API', 5),
(20, 'celery/celery', 'Distributed Task Queue.', 'https://github.com/celery/celery', 'Beginner', 4723, 'Backend API', 5),
(21, 'sqlalchemy/sqlalchemy', 'The Database Toolkit for Python', 'https://github.com/sqlalchemy/sqlalchemy', 'Beginner', 880, 'Backend API', 2),
(22, 'pydantic/pydantic', 'Data parsing and validation using Python type hints', 'https://github.com/pydantic/pydantic', 'Beginner', 1885, 'Backend API', 5),
(23, 'encode/starlette', 'The little ASGI framework that shines.', 'https://github.com/encode/starlette', 'Beginner', 4847, 'Backend API', 8),
(24, 'expressjs/express', 'Fast, unopinionated, minimalist web framework for node.', 'https://github.com/expressjs/express', 'Beginner', 3768, 'Backend API', 8),
(25, 'nestjs/nest', 'A progressive Node.js framework for building efficient, scalable, and enterprise-grade apps', 'https://github.com/nestjs/nest', 'Advanced', 2074, 'Backend API', 15),
(26, 'socketio/socket.io', 'Realtime application framework (Node.JS server).', 'https://github.com/socketio/socket.io', 'Intermediate', 1162, 'Backend API', 15),
(27, 'strapi/strapi', 'Open source Node.js Headless CMS to easily build customisable APIs', 'https://github.com/strapi/strapi', 'Intermediate', 4903, 'Backend API', 15),
(28, 'koajs/koa', 'Expressive middleware for node.js using ES2017 async functions', 'https://github.com/koajs/koa', 'Advanced', 2907, 'Backend API', 20),
(29, 'meteor/meteor', 'Meteor, the JavaScript App Platform', 'https://github.com/meteor/meteor', 'Advanced', 3682, 'Fullstack Web', 30),
(30, 'typeorm/typeorm', 'ORM for TypeScript and JavaScript', 'https://github.com/typeorm/typeorm', 'Advanced', 4636, 'Backend API', 15),
(31, 'prisma/prisma', 'Next-generation ORM for Node.js & TypeScript', 'https://github.com/prisma/prisma', 'Beginner', 3725, 'Backend API', 5),
(32, 'kubernetes/kubernetes', 'Production-Grade Container Scheduling and Management', 'https://github.com/kubernetes/kubernetes', 'Intermediate', 3303, 'DevOps/Cloud', 8),
(33, 'docker/compose', 'Define and run multi-container applications with Docker', 'https://github.com/docker/compose', 'Intermediate', 2408, 'DevOps/Cloud', 15),
(34, 'hashicorp/terraform', 'Terraform enables you to safely and predictably create, change, and improve infrastructure.', 'https://github.com/hashicorp/terraform', 'Beginner', 3254, 'DevOps/Cloud', 2),
(35, 'ansible/ansible', 'Ansible is a radically simple IT automation platform', 'https://github.com/ansible/ansible', 'Advanced', 474, 'DevOps/Cloud', 25),
(36, 'prometheus/prometheus', 'The Prometheus monitoring system and time series database.', 'https://github.com/prometheus/prometheus', 'Intermediate', 1346, 'DevOps/Cloud', 8),
(37, 'grafana/grafana', 'The open and composable observability and data visualization platform.', 'https://github.com/grafana/grafana', 'Beginner', 4295, 'DevOps/Cloud', 2),
(38, 'argoproj/argo-cd', 'Declarative continuous deployment for Kubernetes.', 'https://github.com/argoproj/argo-cd', 'Intermediate', 688, 'DevOps/Cloud', 15),
(39, 'aws/aws-cli', 'Universal Command Line Interface for Amazon Web Services', 'https://github.com/aws/aws-cli', 'Intermediate', 4951, 'DevOps/Cloud', 10),
(40, 'localstack/localstack', 'A fully functional local AWS cloud stack. Develop and test your cloud & Serverless apps offline!', 'https://github.com/localstack/localstack', 'Beginner', 4963, 'DevOps/Cloud', 2),
(41, 'redis/redis', 'Redis is an in-memory database that persists on disk.', 'https://github.com/redis/redis', 'Beginner', 3831, 'Backend API', 2),
(42, 'mongodb/mongo', 'The MongoDB Database', 'https://github.com/mongodb/mongo', 'Beginner', 1321, 'Backend API', 5),
(43, 'elastic/elasticsearch', 'Free and Open, Distributed, RESTful Search Engine', 'https://github.com/elastic/elasticsearch', 'Beginner', 2767, 'Backend API', 8),
(44, 'postgres/postgres', 'Mirror of the official PostgreSQL GIT repository.', 'https://github.com/postgres/postgres', 'Advanced', 2903, 'Backend API', 20),
(45, 'cockroachdb/cockroach', 'CockroachDB - the open source, cloud-native distributed SQL database.', 'https://github.com/cockroachdb/cockroach', 'Beginner', 4720, 'Backend API', 5),
(46, 'apache/kafka', 'Mirror of Apache Kafka', 'https://github.com/apache/kafka', 'Beginner', 4402, 'Backend API', 2),
(47, 'clickhouse/clickhouse', 'ClickHouse® is a free analytics DBMS for big data', 'https://github.com/clickhouse/clickhouse', 'Advanced', 4921, 'Backend API', 20),
(48, 'meilisearch/meilisearch', 'A lightning-fast search engine that fits effortlessly into your apps, websites, and workflow.', 'https://github.com/meilisearch/meilisearch', 'Beginner', 2437, 'Backend API', 2),
(49, 'rust-lang/rust', 'Empowering everyone to build reliable and efficient software.', 'https://github.com/rust-lang/rust', 'Intermediate', 1689, 'Backend API', 8),
(50, 'tokio-rs/tokio', 'A runtime for writing reliable asynchronous applications with Rust. Provides I/O, networking, scheduling, timers, ...', 'https://github.com/tokio-rs/tokio', 'Intermediate', 4968, 'Backend API', 15),
(51, 'tauri-apps/tauri', 'Build smaller, faster, and more secure desktop applications with a web frontend.', 'https://github.com/tauri-apps/tauri', 'Intermediate', 1450, 'Frontend Web', 10),
(52, 'denoland/deno', 'A modern runtime for JavaScript and TypeScript.', 'https://github.com/denoland/deno', 'Intermediate', 4069, 'Backend API', 8),
(53, 'golang/go', 'The Go programming language', 'https://github.com/golang/go', 'Intermediate', 4776, 'Backend API', 8),
(54, 'gin-gonic/gin', 'Gin is a HTTP web framework written in Go (Golang).', 'https://github.com/gin-gonic/gin', 'Intermediate', 4005, 'Backend API', 15),
(55, 'gohugoio/hugo', 'The world’s fastest framework for building websites.', 'https://github.com/gohugoio/hugo', 'Advanced', 2551, 'Frontend Web', 20),
(56, 'gofiber/fiber', 'Express inspired web framework written in Go', 'https://github.com/gofiber/fiber', 'Intermediate', 1897, 'Backend API', 8),
(57, 'pingcap/tidb', 'TiDB is an open-source, cloud-native, distributed SQL database for elastic scale and real-time analytics.', 'https://github.com/pingcap/tidb', 'Beginner', 2909, 'Backend API', 2),
(58, 'spring-projects/spring-boot', 'Spring Boot', 'https://github.com/spring-projects/spring-boot', 'Intermediate', 2286, 'Backend API', 8),
(59, 'apache/spark', 'Apache Spark - A unified analytics engine for large-scale data processing', 'https://github.com/apache/spark', 'Beginner', 228, 'Data/AI', 2),
(60, 'google/guava', 'Google core libraries for Java', 'https://github.com/google/guava', 'Beginner', 3851, 'Backend API', 8),
(61, 'apache/hadoop', 'Apache Hadoop', 'https://github.com/apache/hadoop', 'Advanced', 2928, 'Data/AI', 30),
(62, 'laravel/laravel', 'A PHP framework for web artisans', 'https://github.com/laravel/laravel', 'Advanced', 3220, 'Fullstack Web', 20),
(63, 'symfony/symfony', 'The Symfony PHP framework', 'https://github.com/symfony/symfony', 'Beginner', 3200, 'Backend API', 8),
(64, 'rails/rails', 'Ruby on Rails', 'https://github.com/rails/rails', 'Intermediate', 2405, 'Fullstack Web', 10),
(65, 'discourse/discourse', 'A platform for community discussion. Free, open, simple.', 'https://github.com/discourse/discourse', 'Intermediate', 4127, 'Fullstack Web', 15),
(66, 'microsoft/vscode', 'Visual Studio Code', 'https://github.com/microsoft/vscode', 'Advanced', 4014, 'Frontend Web', 15),
(67, 'dotnet/aspnetcore', 'ASP.NET Core is a cross-platform .NET framework for building modern cloud-based web applications on Windows, Mac, or Linux.', 'https://github.com/dotnet/aspnetcore', 'Beginner', 1192, 'Backend API', 2),
(68, 'dotnet/roslyn', 'The Roslyn .NET compiler provides C# and Visual Basic languages with rich code analysis APIs.', 'https://github.com/dotnet/roslyn', 'Intermediate', 4660, 'Backend API', 12),
(69, 'tensorflow/tensorflow', 'An Open Source Machine Learning Framework for Everyone', 'https://github.com/tensorflow/tensorflow', 'Beginner', 1947, 'AI/ML', 5),
(70, 'pytorch/pytorch', 'Tensors and Dynamic neural networks in Python with strong GPU acceleration', 'https://github.com/pytorch/pytorch', 'Advanced', 3890, 'AI/ML', 20),
(71, 'opencv/opencv', 'Open Source Computer Vision Library', 'https://github.com/opencv/opencv', 'Beginner', 3989, 'AI/ML', 5),
(72, 'electron/electron', 'Build cross-platform desktop apps with JavaScript, HTML, and CSS', 'https://github.com/electron/electron', 'Advanced', 3218, 'Frontend Web', 25),
(73, 'freeCodeCamp/freeCodeCamp', 'freeCodeCamp.orgs open-source codebase and curriculum.', 'https://github.com/freeCodeCamp/freeCodeCamp', 'Advanced', 2960, 'Fullstack Web', 15),
(74, 'calcom/cal.com', 'Scheduling infrastructure for absolutely everyone.', 'https://github.com/calcom/cal.com', 'Intermediate', 142, 'Fullstack Web', 10),
(75, 'supabase/supabase', 'The open source Firebase alternative.', 'https://github.com/supabase/supabase', 'Intermediate', 4991, 'Fullstack Web', 8),
(76, 'appwrite/appwrite', 'Secure backend server for web, mobile & flutter developers', 'https://github.com/appwrite/appwrite', 'Advanced', 1265, 'Backend API', 30),
(77, 'directus/directus', 'The Modern Data Stack', 'https://github.com/directus/directus', 'Intermediate', 1055, 'Fullstack Web', 10),
(78, 'ghost/ghost', 'Turn your audience into a business. Publishing, memberships, subscriptions and newsletters.', 'https://github.com/ghost/ghost', 'Beginner', 1831, 'Fullstack Web', 8),
(79, 'graphql/graphql-js', 'A reference implementation of GraphQL for JavaScript', 'https://github.com/graphql/graphql-js', 'Advanced', 1534, 'Backend API', 25),
(80, 'apollographql/apollo-client', 'A fully-featured, production ready caching GraphQL client for every UI framework', 'https://github.com/apollographql/apollo-client', 'Advanced', 4997, 'Frontend Web', 20),
(81, 'microsoft/TypeScript', 'TypeScript is a superset of JavaScript that compiles to clean JavaScript output.', 'https://github.com/microsoft/TypeScript', 'Intermediate', 3975, 'Frontend Web', 10),
(82, 'prettier/prettier', 'Prettier is an opinionated code formatter.', 'https://github.com/prettier/prettier', 'Intermediate', 697, 'Frontend Web', 10),
(83, 'eslint/eslint', 'Find and fix problems in your JavaScript code.', 'https://github.com/eslint/eslint', 'Intermediate', 4930, 'Frontend Web', 8),
(84, 'webpack/webpack', 'A bundler for javascript and friends.', 'https://github.com/webpack/webpack', 'Intermediate', 1677, 'Frontend Web', 12),
(85, 'curl/curl', 'A command line tool and library for transferring data with URL syntax', 'https://github.com/curl/curl', 'Advanced', 2929, 'Backend API', 20),
(86, 'git/git', 'Git Source Code Mirror', 'https://github.com/git/git', 'Intermediate', 806, 'DevOps/Cloud', 10),
(87, 'nvbn/thefuck', 'Magnificent app which corrects your previous console command.', 'https://github.com/nvbn/thefuck', 'Intermediate', 249, 'DevOps/Cloud', 10),
(88, 'facebook/react-extended-87', 'A declarative, efficient, and flexible JavaScript library for building user interfaces.', 'https://github.com/facebook/react-extended-87', 'Intermediate', 2286, 'Frontend Web', 12),
(89, 'vuejs/core-extended-88', 'Vue.js is a progressive, incrementally-adoptable JavaScript framework for building UI.', 'https://github.com/vuejs/core-extended-88', 'Advanced', 2769, 'Frontend Web', 25),
(90, 'vercel/next.js-extended-89', 'The React Framework', 'https://github.com/vercel/next.js-extended-89', 'Advanced', 1899, 'Frontend Web', 25);

INSERT INTO repository_skills (repo_id, skill_id, weight) VALUES 
(1, 1, 3),
(1, 2, 1),
(2, 8, 3),
(2, 13, 2),
(3, 8, 3),
(3, 2, 1),
(3, 14, 1),
(4, 8, 3),
(4, 21, 2),
(4, 24, 3),
(5, 8, 3),
(5, 22, 1),
(5, 24, 2),
(6, 1, 3),
(6, 23, 3),
(6, 24, 3),
(7, 8, 3),
(7, 2, 3),
(8, 24, 1),
(8, 1, 3),
(9, 8, 3),
(9, 2, 2),
(10, 8, 3),
(10, 2, 3),
(11, 8, 3),
(11, 2, 3),
(12, 1, 3),
(12, 2, 3),
(12, 29, 3),
(13, 8, 3),
(13, 2, 2),
(14, 8, 3),
(14, 2, 3),
(15, 8, 3),
(15, 10, 2),
(16, 3, 3),
(16, 4, 1),
(17, 3, 3),
(17, 26, 2),
(18, 3, 3),
(19, 3, 3),
(20, 3, 3),
(20, 28, 2),
(21, 3, 3),
(21, 7, 3),
(22, 3, 3),
(23, 3, 3),
(24, 1, 3),
(24, 10, 3),
(25, 8, 3),
(25, 10, 2),
(26, 8, 3),
(26, 10, 3),
(27, 1, 3),
(27, 10, 3),
(27, 7, 1),
(28, 1, 3),
(28, 10, 2),
(29, 1, 3),
(29, 10, 3),
(29, 27, 3),
(30, 8, 3),
(30, 10, 2),
(30, 7, 3),
(31, 8, 3),
(31, 10, 3),
(31, 7, 2),
(32, 9, 3),
(32, 6, 1),
(32, 5, 1),
(33, 9, 3),
(33, 5, 1),
(34, 9, 3),
(34, 12, 3),
(35, 3, 3),
(36, 9, 3),
(37, 8, 3),
(37, 9, 3),
(38, 9, 3),
(38, 6, 3),
(39, 3, 3),
(39, 12, 2),
(40, 3, 3),
(40, 12, 2),
(40, 5, 1),
(41, 28, 2),
(42, 16, 3),
(42, 27, 3),
(43, 15, 3),
(44, 7, 2),
(45, 9, 3),
(45, 7, 3),
(46, 15, 3),
(47, 16, 3),
(48, 17, 3),
(49, 17, 3),
(50, 17, 3),
(51, 17, 3),
(51, 8, 1),
(52, 17, 3),
(52, 8, 1),
(53, 9, 3),
(54, 9, 3),
(55, 9, 3),
(55, 24, 3),
(56, 9, 3),
(57, 9, 3),
(58, 15, 3),
(58, 25, 1),
(59, 15, 3),
(60, 15, 3),
(61, 15, 3),
(62, 19, 3),
(63, 19, 3),
(64, 18, 3),
(65, 18, 3),
(65, 7, 2),
(65, 28, 2),
(66, 8, 3),
(66, 10, 1),
(67, 20, 3),
(68, 20, 3),
(69, 16, 3),
(69, 3, 2),
(70, 16, 3),
(70, 3, 2),
(71, 16, 3),
(72, 16, 3),
(72, 1, 1),
(72, 10, 1),
(73, 8, 3),
(73, 10, 2),
(73, 27, 1),
(74, 8, 3),
(74, 14, 3),
(74, 7, 1),
(75, 8, 3),
(75, 7, 3),
(76, 19, 3),
(76, 5, 3),
(77, 8, 3),
(77, 10, 2),
(77, 7, 3),
(78, 1, 3),
(78, 10, 2),
(79, 8, 3),
(79, 29, 3),
(80, 8, 3),
(80, 29, 3),
(80, 2, 3),
(81, 8, 3),
(82, 1, 3),
(83, 1, 3),
(84, 1, 3),
(84, 10, 3),
(86, 11, 2),
(87, 3, 3),
(88, 1, 3),
(88, 2, 2),
(89, 8, 3),
(89, 13, 2),
(90, 8, 3),
(90, 2, 1),
(90, 14, 2);
